BT,Bhutan,[0.0],[1],0.0,Result good without reoptimization
BO,Bolivia,"[0.0, 1.0, 0.7, 0.75, 0.8, 0.75, 0.8, 0.85, 0.8, 0.85, 1.0, 0.9, 0.95, 0.9, 0.6, 0.75, 0.85, 0.9, 0.8, 0.75, 0.7, 0.8, 0.85, 0.8, 0.85]","[1, 12, 100, 119, 169, 189, 198, 219, 255, 268, 287, 300, 323, 340, 374, 406, 421, 440, 461, 482, 512, 544, 559, 589, 631]",0.06514005489979695,Old parameters retained - better results than new optimization
BA,Bosnia and Herzegovina,"[0.0, 1.0, 0.7, 0.85, 0.8, 0.9, 1.0, 0.7, 0.75, 0.8, 0.85, 0.8, 0.65, 0.8, 0.85, 0.9, 0.85, 0.8, 0.65, 0.8, 0.85, 0.8, 0.95, 1.0, 0.65, 0.35, 0.4, 0.65]","[1, 12, 100, 117, 137, 150, 167, 188, 209, 232, 249, 293, 312, 335, 358, 387, 398, 422, 445, 477, 498, 531, 559, 568, 591, 610, 619, 642]",0.05107525905923401,Re-optimized;
