,Hospitals,Other high contact,Rest of population
Hospitals,0.771332524,0.668488186,0.668488186
Other high contact,0.668488186,0.771332524,0.668488186
Rest of population,0.668488186,0.668488186,0.694199272