,Hospitals,Other high contact,Rest of population
Hospitals,0.106027981,0.012233998,0.012233998
Other high contact,0.012233998,0.134573976,0.024467996
Rest of population,0.016311997,0.032623994,0.032623994