,Hospitals,Other high contact,Rest of population
Hospitals,0.096064311,0.027446946,0.027446946
Other high contact,0.027446946,0.096064311,0.027446946
Rest of population,0.027446946,0.027446946,0.027446946