,Hospitals,Other high contact,Rest of population
Hospitals,0.05773801,0.006662078,0.006662078
Other high contact,0.006662078,0.073282858,0.013324156
Rest of population,0.008882771,0.017765541,0.017765541