,Hospitals,Other high contact,Rest of population
Hospitals,0.390868292,0.33875252,0.33875252
Other high contact,0.33875252,0.390868292,0.33875252
Rest of population,0.33875252,0.33875252,0.351781463