,Hospitals,Other high contact,Rest of population
Hospitals,0.288192934,0.082340838,0.082340838
Other high contact,0.082340838,0.288192934,0.082340838
Rest of population,0.082340838,0.082340838,0.288