,Hospitals,Other high contact,Rest of population,
Hospitals,0.243906408,0.130664147,0.130664147,0.505234702
Other high contact,0.130664147,0.30488301,0.130664147,0.566211303
Rest of population,0.130664147,0.130664147,0.130664147,0.391992441