,Hospitals,Other high contact,Rest of population
Hospitals,0.385666262,0.334244093,0.334244093
Other high contact,0.334244093,0.385666262,0.334244093
Rest of population,0.334244093,0.334244093,0.347099636