,Hospitals,Other high contact,Rest of population
Hospitals,0.015976223,0.014132813,0.004915761
Other high contact,0.014132813,0.018434103,0.012289402
Rest of population,0.004915761,0.005059598,0.005059598