,Hospitals,Other high contact,Rest of population
Hospitals,0.059355522,0.052506808,0.018263238
Other high contact,0.052506808,0.068487141,0.045658094
Rest of population,0.018263238,0.018797629,0.018797629