,Hospitals,Other high contact,Rest of population
Hospitals,0.04699946,0.041576445,0.014461372
Other high contact,0.041576445,0.054230146,0.03615343
Rest of population,0.014461372,0.014884519,0.014884519