,Hospitals,Other high contact,Rest of population,
Hospitals,0.191696786,0.166137215,0.166137215,0.523971216
Other high contact,0.166137215,0.191696786,0.166137215,0.523971216
Rest of population,0.166137215,0.166137215,0.172527108,0.504801537